university,ungrad_offcampus_boston,undergrad_offcampus_outside,grad_offcampus_boston,grad_offcampus_outside,school_year,total_enrollment,total_offcampus,total_undergrad_offcampus,total_grad_offcampus
Boston Baptist College,0,25,0,0,2016-2017,77,25,25,0
Boston Baptist College,0,25,0,0,2017-2018,77,25,25,0
Boston Baptist College,2,36,0,0,2018-2019,76,38,38,0
Boston Baptist College,1,32,0,0,2019-2020,65,33,33,0
Boston Baptist College,1,17,0,0,2020-2021,58,18,18,0
Boston Baptist College,1,12,0,0,2021-2022,42,13,13,0
Boston Baptist College,0,13,0,0,2022-2023,45,13,13,0
Boston Baptist College,2,10,0,0,2023-2024,33,12,12,0
Bay State College,158,403,0,0,2016-2017,653,561,561,0
Bay State College,118,377,0,0,2017-2018,560,495,495,0
Bay State College,95,425,0,0,2018-2019,567,520,520,0
Bay State College,94,312,0,0,2019-2020,442,406,406,0
Bay State College,72,317,0,0,2020-2021,371,389,389,0
Bay State College,35,249,0,0,2021-2022,314,284,284,0
Bay State College,32,183,0,0,2022-2023,221,215,215,0
Berklee College of Music,2770,392,5,24,2016-2017,4509,3191,3162,29
Berklee College of Music,2900,386,3,21,2017-2018,4533,3310,3286,24
Berklee College of Music,3187,436,205,65,2018-2019,5402,3893,3623,270
Berklee College of Music,3147,437,185,69,2019-2020,5388,3838,3584,254
Berklee College of Music,1572,2154,59,147,2020-2021,4672,3932,3726,206
Berklee College of Music,3331,617,183,64,2021-2022,5708,4195,3948,247
Berklee College of Music,3838,489,168,66,2022-2023,6094,4561,4327,234
Berklee College of Music,3940,489,154,61,2023-2024,6158,4644,4429,215
Boston Architectural College,61,234,65,302,2016-2017,675,662,295,367
Boston Architectural College,47,256,54,289,2017-2018,656,646,303,343
Boston Architectural College,85,169,76,240,2018-2019,590,570,254,316
Boston Architectural College,77,170,95,269,2019-2020,634,611,247,364
Boston Architectural College,56,156,59,179,2021-2022,450,450,212,238
Boston Architectural College,67,117,62,157,2022-2023,421,403,184,219
Boston Architectural College,56,128,76,123,2023-2024,412,383,184,199
Boston College,103,303,0,0,2018-2019,406,406,406,0
Boston College,109,275,0,0,2019-2020,388,384,384,0
Boston College,80,236,0,0,2020-2021,320,316,316,0
Boston College,53,244,0,0,2021-2022,303,297,297,0
Boston College,74,160,0,0,2022-2023,341,234,234,0
Boston Conservatory Berklee,362,23,151,65,2016-2017,797,601,385,216
Boston Conservatory Berklee,360,30,179,79,2017-2018,872,648,390,258
Boston University,2884,1673,5247,3960,2016-2017,26682,13764,4557,9207
Boston University,2997,1963,5642,4157,2017-2018,27681,14759,4960,9799
Boston University,3135,1764,5513,3892,2018-2019,27544,14304,4899,9405
Boston University,3183,1661,5552,3661,2019-2020,27040,14057,4844,9213
Boston University,3618,5787,5833,5495,2020-2021,28431,20733,9405,11328
Boston University,4130,2306,7535,4658,2021-2022,30776,18629,6436,12193
Boston University,3577,2081,6375,6359,2022-2023,31122,18392,5658,12734
Boston University,4028,1806,8232,4878,2023-2024,32050,18944,5834,13110
Emerson College,329,1296,222,409,2016-2017,4450,2256,1625,631
Emerson College,513,1434,197,447,2017-2018,4494,2591,1947,644
Emerson College,351,1495,219,484,2018-2019,4560,2549,1846,703
Emerson College,153,1028,160,873,2019-2020,4954,2214,1181,1033
Emerson College,403,1484,174,419,2020-2021,4333,2480,1887,593
Emerson College,396,1091,223,423,2021-2022,4792,2133,1487,646
Emerson College,310,1084,183,469,2022-2023,4837,2046,1394,652
Emerson College,334,1074,191,424,2023-2024,4791,2023,1408,615
Emmanuel College,382,417,51,119,2016-2017,2082,969,799,170
Emmanuel College,339,463,40,90,2017-2018,1983,932,802,130
Emmanuel College,219,371,33,79,2018-2019,2083,702,590,112
Emmanuel College,310,322,25,77,2019-2020,2099,734,632,102
Emmanuel College,98,1688,19,89,2020-2021,1894,1894,1786,108
Emmanuel College,223,303,15,47,2021-2022,1847,588,526,62
Emmanuel College,177,283,13,46,2022-2023,1904,519,460,59
Emmanuel College,214,267,10,58,2023-2024,1928,549,481,68
Fisher College,286,367,9,25,2016-2017,1005,687,653,34
Fisher College,262,368,9,31,2017-2018,993,670,630,40
Fisher College,202,350,8,26,2018-2019,889,586,552,34
Fisher College,176,275,7,35,2019-2020,851,493,451,42
Fisher College,133,296,18,86,2020-2021,768,533,429,104
Fisher College,132,238,17,90,2021-2022,748,477,370,107
Fisher College,142,224,12,90,2022-2023,775,468,366,102
Fisher College,121,225,6,102,2023-2024,776,454,346,108
Benjamin Franklin Institute of Technology,214,251,0,0,2016-2017,492,465,465,0
Benjamin Franklin Institute of Technology,220,298,0,0,2017-2018,540,518,518,0
Benjamin Franklin Institute of Technology,261,270,0,0,2018-2019,554,531,531,0
Benjamin Franklin Institute of Technology,293,236,0,0,2019-2020,519,529,529,0
Benjamin Franklin Institute of Technology,203,167,0,0,2020-2021,370,370,370,0
Benjamin Franklin Institute of Technology,211,198,0,0,2021-2022,409,409,409,0
Benjamin Franklin Institute of Technology,200,186,0,0,2022-2023,386,386,386,0
Benjamin Franklin Institute of Technology,229,194,0,0,2023-2024,423,423,423,0
Harvard University (Boston Based),0,0,724,1381,2016-2017,4072,2105,0,2105
Harvard University (Boston Based),0,0,673,1304,2017-2018,4020,1977,0,1977
Harvard University (Boston Based),0,0,736,1300,2018-2019,3970,2036,0,2036
Harvard University (Boston Based),0,0,812,1511,2019-2020,4101,2323,0,2323
Harvard University (Boston Based),0,0,724,1772,2020-2021,3447,2496,0,2496
Harvard University (Boston Based),0,0,932,1809,2021-2022,4250,2741,0,2741
Harvard University (Boston Based),0,0,996,2013,2022-2023,5067,3009,0,3009
Harvard University (Boston Based),0,0,997,2076,2023-2024,4993,3073,0,3073
Massachussetts College of Art and Design,294,690,45,83,2016-2017,1785,1112,984,128
Massachussetts College of Art and Design,343,676,53,70,2017-2018,1871,1142,1019,123
Massachussetts College of Art and Design,288,716,24,94,2018-2019,1872,1122,1004,118
Massachussetts College of Art and Design,409,555,41,82,2019-2020,1908,1087,964,123
Massachussetts College of Art and Design,270,1030,29,88,2020-2021,1821,1417,1300,117
Massachussetts College of Art and Design,326,709,35,86,2021-2022,1856,1156,1035,121
Massachussetts College of Art and Design,275,685,32,72,2022-2023,1820,1064,960,104
Massachussetts College of Art and Design,266,767,30,78,2023-2024,1895,1141,1033,108
MCPHS,891,1104,831,910,2016-2017,4467,3736,1995,1741
MCPHS,993,1071,1015,670,2017-2018,4452,3749,2064,1685
MCPHS,942,1157,917,690,2018-2019,4448,3706,2099,1607
MCPHS,864,1175,949,609,2019-2020,4323,3597,2039,1558
MCPHS,718,1710,809,667,2020-2021,4275,3904,2428,1476
MCPHS,781,1380,620,522,2021-2022,4018,3303,2161,1142
MCPHS,625,1350,677,566,2022-2023,3935,3218,1975,1243
MCPHS,720,1305,586,521,2023-2024,3826,3132,2025,1107
MIT,324,358,598,3711,2017-2018,11434,4991,682,4309
MIT,650,524,634,3972,2018-2019,11558,5780,1174,4606
MIT,428,715,508,3928,2019-2020,11387,5579,1143,4436
MIT,72,3522,533,4961,2020-2021,11258,9088,3594,5494
MIT,582,560,685,4528,2021-2022,11939,6355,1142,5213
MIT,570,524,659,4221,2022-2023,11875,5974,1094,4880
MIT,569,499,658,4359,2023-2024,11936,6085,1068,5017
MGH Institute of Health Professions,100,432,241,788,2016-2017,1561,1561,532,1029
MGH Institute of Health Professions,130,429,228,794,2017-2018,1581,1581,559,1022
MGH Institute of Health Professions,129,434,208,844,2018-2019,1615,1615,563,1052
MGH Institute of Health Professions,98,411,235,865,2019-2020,1609,1609,509,1100
MGH Institute of Health Professions,95,407,210,933,2020-2021,1645,1645,502,1143
MGH Institute of Health Professions,61,344,205,957,2021-2022,1566,1567,405,1162
MGH Institute of Health Professions,54,276,180,1039,2022-2023,1549,1549,330,1219
MGH Institute of Health Professions,47,271,169,1011,2023-2024,1498,1498,318,1180
New England College of Optometry,0,0,358,175,2016-2017,533,533,0,533
New England College of Optometry,0,0,367,156,2017-2018,528,523,0,523
New England College of Optometry,0,0,378,143,2018-2019,521,521,0,521
New England College of Optometry,0,0,396,144,2019-2020,540,540,0,540
New England College of Optometry,0,0,294,234,2020-2021,528,528,0,528
New England College of Optometry,0,0,381,142,2021-2022,523,523,0,523
New England College of Optometry,0,0,399,137,2022-2023,536,536,0,536
New England College of Optometry,0,0,394,135,2023-2024,529,529,0,529
New England Conservatory,217,54,314,77,2016-2017,819,662,271,391
New England Conservatory,168,47,301,83,2017-2018,844,599,215,384
New England Conservatory,211,44,275,84,2018-2019,838,614,255,359
New England Conservatory,209,50,257,76,2019-2020,843,592,259,333
New England Conservatory,146,258,185,112,2020-2021,701,701,404,297
New England Conservatory,173,47,284,74,2021-2022,807,578,220,358
New England Conservatory,163,51,319,70,2022-2023,795,603,214,389
New England Conservatory,156,58,297,88,2023-2024,784,599,214,385
New England Law Boston,0,0,175,385,2017-2018,560,560,0,560
New England Law Boston,0,0,178,364,2018-2019,541,542,0,542
New England Law Boston,0,0,257,439,2019-2020,696,696,0,696
New England Law Boston,0,0,316,589,2020-2021,905,905,0,905
New England Law Boston,0,0,346,716,2021-2022,1062,1062,0,1062
New England Law Boston,0,0,401,673,2022-2023,1074,1074,0,1074
New England Law Boston,0,0,369,716,2023-2024,1085,1085,0,1085
Northeastern University,6056,2154,6003,5205,2017-2018,30538,19418,8210,11208
Northeastern University,6609,2197,6635,5710,2018-2019,31666,21151,8806,12345
Northeastern University,5899,2138,6706,6534,2019-2020,32798,21277,8037,13240
Northeastern University,6479,4364,5411,6549,2020-2021,31496,22803,10843,11960
Northeastern University,7162,2791,5678,9035,2021-2022,35909,24666,9953,14713
Northeastern University,6572,2839,8494,9476,2022-2023,40572,27381,9411,17970
Northeastern University,8039,2622,10653,9477,2023-2024,43144,30791,10661,20130
Sattler College,3,3,0,0,2020-2021,74,6,6,0
Sattler College,3,3,0,0,2021-2022,44,6,6,0
Sattler College,6,19,0,0,2022-2023,77,25,25,0
SHOWA Boston Institute,0,0,0,0,2016-2017,229,0,0,0
SHOWA Boston Institute,0,0,0,0,2017-2018,222,0,0,0
SHOWA Boston Institute,0,0,0,0,2018-2019,252,0,0,0
SHOWA Boston Institute,0,0,0,0,2019-2020,236,0,0,0
SHOWA Boston Institute,0,287,0,0,2020-2021,287,287,287,0
SHOWA Boston Institute,0,273,0,0,2021-2022,273,273,273,0
SHOWA Boston Institute,0,0,0,0,2022-2023,1039,0,0,0
SHOWA Boston Institute,0,0,0,0,2023-2024,918,0,0,0
Simmons College,130,548,475,2080,2016-2017,4367,3233,678,2555
Simmons College,154,489,529,4001,2017-2018,6300,5173,643,4530
Simmons College,152,538,414,1162,2019-2020,3360,2266,690,1576
Simmons College,222,1486,322,1151,2020-2021,3268,3181,1708,1473
Simmons College,66,645,235,1301,2021-2022,3236,2247,711,1536
Simmons College,194,487,179,1100,2022-2023,3108,1960,681,1279
Simmons College,232,528,369,1147,2023-2024,3279,2276,760,1516
St. John's Seminary,18,0,28,74,2016-2017,193,120,18,102
St. John's Seminary,8,0,43,67,2017-2018,191,118,8,110
St. John's Seminary,1,4,13,49,2018-2019,148,67,5,62
St. John's Seminary,2,6,8,8,2019-2020,90,24,8,16
St. John's Seminary,3,8,6,10,2020-2021,108,27,11,16
St. John's Seminary,1,10,10,35,2021-2022,96,56,11,45
St. John's Seminary,2,6,12,9,2022-2023,72,29,8,21
St. John's Seminary,1,8,16,40,2023-2024,106,65,9,56
Suffolk University,2019,1871,762,1055,2016-2017,7046,5707,3890,1817
Suffolk University,1943,1837,756,1007,2017-2018,6832,5543,3780,1763
Suffolk University,1852,1728,786,1019,2018-2019,6970,5385,3580,1805
Suffolk University,1737,1599,871,1042,2019-2020,6825,5249,3336,1913
Suffolk University,1382,2151,825,1364,2020-2021,6576,5722,3533,2189
Suffolk University,1269,1513,879,1256,2021-2022,6372,4917,2782,2135
Suffolk University,1219,1381,934,1182,2022-2023,6473,4716,2600,2116
Suffolk University,1418,1334,1001,1100,2023-2024,6564,4853,2752,2101
Tufts University,102,88,1664,1079,2016-2017,3090,2933,190,2743
Tufts University,64,54,1557,1207,2017-2018,3083,2882,118,2764
Tufts University,38,30,1566,1240,2018-2019,3148,2874,68,2806
Tufts University,30,51,1586,1223,2019-2020,3213,2890,81,2809
Tufts University,29,181,1332,1506,2020-2021,3215,3048,210,2838
Tufts University,38,125,1485,1436,2021-2022,3423,3084,163,2921
Tufts University,36,44,1459,1127,2022-2023,2833,2666,80,2586
Tufts University,36,171,1336,1024,2023-2024,3020,2567,207,2360
UMass Boston,4113,6454,1011,1812,2016-2017,13390,13390,10567,2823
UMass Boston,4478,7874,934,2624,2017-2018,15910,15910,12352,3558
UMass Boston,3835,7564,801,1925,2018-2019,15192,14125,11399,2726
UMass Boston,3647,7356,726,1753,2019-2020,14543,13482,11003,2479
UMass Boston,3311,8895,647,1712,2020-2021,14857,14565,12206,2359
UMass Boston,2711,7152,674,2229,2021-2022,13213,12766,9863,2903
UMass Boston,3144,7366,814,1543,2022-2023,13969,12867,10510,2357
UMass Boston,3297,7292,917,1099,2023-2024,13707,12605,10589,2016
Urban College of Boston,435,380,0,0,2016-2017,815,815,815,0
Urban College of Boston,384,371,0,0,2017-2018,755,755,755,0
Urban College of Boston,432,442,0,0,2018-2019,874,874,874,0
Urban College of Boston,388,362,0,0,2019-2020,750,750,750,0
Urban College of Boston,252,211,0,0,2020-2021,463,463,463,0
Urban College of Boston,168,293,0,0,2021-2022,461,461,461,0
Urban College of Boston,590,0,0,0,2022-2023,590,590,590,0
Urban College of Boston,162,542,0,0,2023-2024,704,704,704,0
Wenworth Institute of Technology,812,1342,56,116,2016-2017,4514,2326,2154,172
Wenworth Institute of Technology,770,1366,58,112,2017-2018,4409,2306,2136,170
Wenworth Institute of Technology,493,1627,30,128,2018-2019,4396,2278,2120,158
Wenworth Institute of Technology,755,1366,36,94,2019-2020,4335,2251,2121,130
Wenworth Institute of Technology,839,2236,39,113,2020-2021,4383,3227,3075,152
Wenworth Institute of Technology,739,1322,61,134,2021-2022,4020,2256,2061,195
Wenworth Institute of Technology,626,1067,36,85,2022-2023,3599,1814,1693,121
Wenworth Institute of Technology,475,1065,53,99,2023-2024,3720,1692,1540,152
Wheelock College,88,201,75,241,2016-2017,1053,605,289,316
Wheelock College,81,167,57,139,2017-2018,811,444,248,196