Zip Code,Neighbourhood
02134,Allston
02135,Allston
02163,Brighton
02116,Back Bay
02117,Back Bay
02123,Back Bay
02133,Back Bay
02199,Back Bay
02108,Beacon Hill
02129,Charlestown
02111,Chinatown
02122,Dorchester
02124,Dorchester
02125,Dorchester
02109,Downtown
02110,Downtown
02111,Downtown
02113,Downtown
02114,Downtown
02128,East Boston
02228,East Boston
02115,Fenway
N/A,Harbor Islands
02136,Hyde Park
02130,Jamaica Plain
02115,Longwood
02126,Mattapan
02120,Mission Hill
02113,North End
02131,Roslindale
02119,Roxbury
02120,Roxbury
02121,Roxbury
02127,South Boston
02210,South Boston Waterfront
02118,South End
02114,West End
02132,West Roxbury
02215,Fenway/Kenmore
02152,Winthrop
02467,Chestnut Hill
02151,Revere
02021,Canton
